R2_train,R2_test,RMSE_train,RMSE_test,MAPE_train,MAPE_test,max_depth,max_features,min_samples_leaf,min_samples_split,n_estimators,diff
0.7109959414225653,0.6905551734382349,1102696.8524625043,1171009.2369244623,0.3112959210048415,0.31993071093874004,3,7,1,5,80,0.020440767984330366
0.7109959414225653,0.6905551734382349,1102696.8524625043,1171009.2369244623,0.31129592100484155,0.31993071093874004,3,7,1,3,80,0.020440767984330366
0.7109959414225653,0.6905551734382349,1102696.8524625043,1171009.2369244623,0.3112959210048415,0.31993071093874004,3,7,1,2,80,0.020440767984330366
0.7109773186870092,0.6904689694436863,1102732.3794741025,1171172.3332762558,0.3112994756548536,0.31993427786495887,3,7,5,2,80,0.0205083492433229
0.7109773186870092,0.6904689694436863,1102732.3794741025,1171172.3332762558,0.3112994756548536,0.31993427786495887,3,7,3,3,80,0.0205083492433229
0.7109773186870093,0.6904689694436863,1102732.3794741025,1171172.3332762558,0.31129947565485355,0.31993427786495887,3,7,5,5,80,0.02050834924332301
0.7109773186870093,0.6904689694436863,1102732.3794741025,1171172.333276256,0.31129947565485366,0.31993427786495887,3,7,5,3,80,0.02050834924332301
0.7109773186870093,0.6904689694436863,1102732.3794741025,1171172.3332762558,0.31129947565485366,0.31993427786495887,3,7,3,2,80,0.02050834924332301
0.7109773186870093,0.6904689694436863,1102732.3794741025,1171172.333276256,0.31129947565485366,0.31993427786495887,3,7,3,5,80,0.02050834924332301
0.7238645272298401,0.7030963376914076,1077867.219560875,1147034.511445669,0.29000647098128657,0.3000927317604492,3,10,5,5,200,0.020768189538432513
0.7238645272298401,0.7030963376914074,1077867.2195608749,1147034.511445669,0.29000647098128657,0.3000927317604492,3,10,5,2,200,0.020768189538432624
0.7238645272298401,0.7030963376914074,1077867.219560875,1147034.511445669,0.29000647098128657,0.3000927317604492,3,10,5,3,200,0.020768189538432624
0.7238844242276343,0.7030918311505716,1077828.3858901798,1147043.216522277,0.2900282504438193,0.30013182661221854,3,10,3,3,200,0.020792593077062715
0.7238844242276343,0.7030918311505716,1077828.3858901798,1147043.216522277,0.2900282504438193,0.3001318266122186,3,10,3,5,200,0.020792593077062715
0.7238844242276343,0.7030918311505716,1077828.3858901798,1147043.216522277,0.29002825044381925,0.30013182661221854,3,10,3,2,200,0.020792593077062715
0.7238815248701151,0.7030862972064248,1077834.0447553536,1147053.9060959949,0.29002541309361446,0.3001231448660127,3,10,1,2,200,0.020795227663690352
0.7238815248701151,0.7030862972064248,1077834.0447553536,1147053.9060959949,0.29002541309361435,0.3001231448660127,3,10,1,5,200,0.020795227663690352
0.7238815248701151,0.7030862972064247,1077834.0447553536,1147053.9060959949,0.29002541309361435,0.3001231448660127,3,10,1,3,200,0.020795227663690463
0.7222470057669994,0.7011874105133353,1081019.5266597779,1150716.0038119426,0.29005792635919386,0.2993334183024008,3,10,1,3,40,0.021059595253664076
0.7222470057669995,0.7011874105133353,1081019.5266597779,1150716.0038119426,0.2900579263591939,0.2993334183024008,3,10,3,3,40,0.021059595253664187
0.7222470057669995,0.7011874105133353,1081019.5266597776,1150716.0038119426,0.2900579263591938,0.29933341830240084,3,10,3,5,40,0.021059595253664187
0.7222470057669996,0.7011874105133353,1081019.5266597776,1150716.0038119426,0.29005792635919386,0.29933341830240084,3,10,1,5,40,0.0210595952536643
0.7222470057669996,0.7011874105133353,1081019.5266597776,1150716.0038119426,0.29005792635919386,0.2993334183024008,3,10,1,2,40,0.0210595952536643
0.7222470057669996,0.7011874105133353,1081019.5266597776,1150716.0038119426,0.29005792635919386,0.29933341830240084,3,10,3,2,40,0.0210595952536643
0.7221913902115986,0.7011120333747152,1081127.7496012647,1150861.1319180827,0.2900694863397964,0.29933255297429606,3,10,5,2,40,0.021079356836883445
0.7221913902115987,0.7011120333747152,1081127.749601265,1150861.1319180827,0.2900694863397964,0.29933255297429606,3,10,5,5,40,0.021079356836883556
0.7221913902115987,0.7011120333747152,1081127.7496012647,1150861.1319180827,0.2900694863397965,0.29933255297429606,3,10,5,3,40,0.021079356836883556
0.7136077205257434,0.6924664184199991,1097702.914066642,1167387.3440076713,0.3085102577849513,0.31735660582492004,3,7,1,5,200,0.021141302105744275
0.7136077205257434,0.6924664184199991,1097702.914066642,1167387.3440076713,0.3085102577849513,0.3173566058249201,3,7,1,3,200,0.021141302105744275
0.7136077205257434,0.6924664184199991,1097702.9140666423,1167387.3440076713,0.3085102577849513,0.31735660582492004,3,7,1,2,200,0.021141302105744275
0.7136088110509818,0.692463929261911,1097700.824146701,1167392.0683791605,0.30847635195439166,0.3173451514736603,3,7,3,5,200,0.021144881789070813
0.7136088110509818,0.692463929261911,1097700.824146701,1167392.0683791607,0.30847635195439155,0.3173451514736603,3,7,3,2,200,0.021144881789070813
0.7136088110509818,0.692463929261911,1097700.824146701,1167392.0683791605,0.30847635195439166,0.3173451514736603,3,7,3,3,200,0.021144881789070813
0.7135876192242656,0.6923830604836896,1097741.436177091,1167545.545278166,0.3084280303958762,0.3173205920266633,3,7,5,2,200,0.02120455874057603
0.7135876192242656,0.6923830604836896,1097741.436177091,1167545.545278166,0.3084280303958762,0.3173205920266633,3,7,5,3,200,0.02120455874057603
0.7135876192242656,0.6923830604836896,1097741.4361770907,1167545.545278166,0.30842803039587624,0.3173205920266633,3,7,5,5,200,0.02120455874057603
0.7235971238808385,0.7023828703555424,1078388.9843987038,1148411.8615907023,0.289926007299844,0.3004221198285989,3,10,5,2,150,0.021214253525296156
0.7235971238808385,0.7023828703555424,1078388.984398704,1148411.8615907023,0.28992600729984397,0.3004221198285989,3,10,5,5,150,0.021214253525296156
0.7235971238808386,0.7023828703555424,1078388.984398704,1148411.8615907023,0.28992600729984397,0.3004221198285989,3,10,5,3,150,0.021214253525296267
0.723626575785123,0.7023748366146976,1078331.5293973342,1148427.3613387009,0.2899307891153283,0.30043747185648273,3,10,3,2,150,0.021251739170425443
0.723626575785123,0.7023748366146976,1078331.5293973342,1148427.3613387006,0.28993078911532827,0.3004374718564826,3,10,3,3,150,0.021251739170425443
0.723626575785123,0.7023748366146976,1078331.5293973342,1148427.3613387006,0.2899307891153283,0.30043747185648273,3,10,3,5,150,0.021251739170425443
0.7236230360760332,0.7023687054861742,1078338.434850899,1148439.1901763738,0.2899285357158545,0.30042367132988435,3,10,1,2,150,0.021254330589858927
0.7236230360760332,0.7023687054861742,1078338.434850899,1148439.1901763738,0.2899285357158545,0.30042367132988435,3,10,1,5,150,0.021254330589858927
0.7236230360760332,0.7023687054861742,1078338.434850899,1148439.1901763738,0.2899285357158545,0.30042367132988435,3,10,1,3,150,0.021254330589858927
0.7133299779578988,0.6920161834658323,1098235.0599484537,1168241.5699978166,0.3097860554983444,0.31869137550178683,3,7,1,5,100,0.021313794492066496
0.7133299779578988,0.6920161834658323,1098235.0599484537,1168241.5699978166,0.3097860554983444,0.31869137550178683,3,7,1,3,100,0.021313794492066496
0.7133299779578988,0.6920161834658323,1098235.0599484537,1168241.5699978166,0.3097860554983444,0.3186913755017868,3,7,1,2,100,0.021313794492066496
0.7133149002488061,0.6919475490205378,1098263.9409784693,1168371.7345408637,0.3097888992183542,0.3186942290427619,3,7,5,3,100,0.021367351228268272
0.7133149002488061,0.6919475490205378,1098263.9409784693,1168371.7345408634,0.3097888992183541,0.31869422904276196,3,7,3,3,100,0.021367351228268272
0.7133149002488062,0.6919475490205378,1098263.9409784693,1168371.7345408637,0.3097888992183542,0.3186942290427619,3,7,3,5,100,0.021367351228268383
0.7133149002488062,0.6919475490205377,1098263.9409784693,1168371.7345408637,0.3097888992183542,0.3186942290427619,3,7,3,2,100,0.021367351228268494
0.7133149002488062,0.6919475490205377,1098263.9409784693,1168371.7345408637,0.3097888992183541,0.3186942290427619,3,7,5,2,100,0.021367351228268494
0.7133149002488062,0.6919475490205377,1098263.9409784693,1168371.7345408637,0.3097888992183541,0.3186942290427619,3,7,5,5,100,0.021367351228268494
0.713889972663877,0.6918784473656656,1097161.8635707072,1168502.7704942527,0.3085224322344734,0.3176909793345859,3,7,1,3,150,0.022011525298211376
0.713889972663877,0.6918784473656656,1097161.8635707072,1168502.7704942527,0.30852243223447345,0.3176909793345859,3,7,1,5,150,0.022011525298211376
0.713889972663877,0.6918784473656656,1097161.8635707072,1168502.7704942527,0.30852243223447345,0.3176909793345859,3,7,1,2,150,0.022011525298211376
0.7138858322390207,0.6918231598267015,1097169.8022994872,1168607.6004617375,0.30852704896335487,0.3176931543124082,3,7,3,2,150,0.022062672412319184
0.7138858322390207,0.6918231598267014,1097169.8022994872,1168607.6004617375,0.30852704896335487,0.3176931543124082,3,7,3,5,150,0.022062672412319295
0.7138858322390207,0.6918231598267014,1097169.8022994872,1168607.6004617373,0.3085270489633549,0.3176931543124082,3,7,3,3,150,0.022062672412319295
0.7248546479104594,0.7027755690710795,1075933.065652471,1147653.9604476844,0.28857447311618084,0.2985135173678263,3,10,5,2,80,0.022079078839379873
0.7248546479104594,0.7027755690710795,1075933.065652471,1147653.9604476844,0.28857447311618084,0.2985135173678263,3,10,5,5,80,0.022079078839379873
0.7248546479104594,0.7027755690710795,1075933.065652471,1147653.9604476844,0.28857447311618084,0.2985135173678263,3,10,5,3,80,0.022079078839379873
0.7138497188555106,0.6917401665828463,1097239.042603008,1168764.9451970945,0.3085223613134408,0.31772525418081105,3,7,5,5,150,0.022109552272664312
0.7138497188555106,0.6917401665828463,1097239.042603008,1168764.9451970942,0.3085223613134408,0.31772525418081105,3,7,5,3,150,0.022109552272664312
0.7138497188555106,0.6917401665828463,1097239.042603008,1168764.9451970945,0.3085223613134408,0.31772525418081105,3,7,5,2,150,0.022109552272664312
0.7248610159810087,0.7027252129613148,1075920.6146747223,1147751.1747666083,0.28858188036982635,0.2985317015400722,3,10,1,2,80,0.022135803019693867
0.7248610159810087,0.7027252129613148,1075920.6146747223,1147751.1747666083,0.28858188036982635,0.2985317015400722,3,10,3,2,80,0.022135803019693867
0.7248610159810087,0.7027252129613148,1075920.6146747223,1147751.1747666083,0.28858188036982635,0.2985317015400722,3,10,3,5,80,0.022135803019693867
0.7248610159810087,0.7027252129613148,1075920.6146747223,1147751.1747666083,0.2885818803698264,0.2985317015400722,3,10,1,3,80,0.022135803019693867
0.7248610159810087,0.7027252129613148,1075920.6146747223,1147751.1747666083,0.2885818803698264,0.2985317015400722,3,10,1,5,80,0.022135803019693867
0.7248610159810087,0.7027252129613148,1075920.6146747223,1147751.1747666083,0.28858188036982635,0.2985317015400722,3,10,3,3,80,0.022135803019693867
0.7244078018421989,0.702191074654283,1076806.3884529017,1148781.841947654,0.28893400469497343,0.2996849998936378,3,10,5,2,100,0.022216727187915897
0.7244078018421989,0.702191074654283,1076806.3884529017,1148781.841947654,0.28893400469497343,0.2996849998936378,3,10,5,3,100,0.022216727187915897
0.7244078018421989,0.702191074654283,1076806.388452902,1148781.841947654,0.28893400469497343,0.2996849998936378,3,10,5,5,100,0.022216727187915897
0.7244482563725729,0.702179570086388,1076727.3526605673,1148804.0308579532,0.28893466200796586,0.299706153215602,3,10,3,5,100,0.022268686286184947
0.7244482563725729,0.702179570086388,1076727.3526605673,1148804.0308579532,0.2889346620079658,0.299706153215602,3,10,1,2,100,0.022268686286184947
0.7244482563725729,0.702179570086388,1076727.3526605673,1148804.0308579532,0.2889346620079658,0.299706153215602,3,10,1,3,100,0.022268686286184947
0.7244482563725729,0.702179570086388,1076727.3526605673,1148804.0308579532,0.2889346620079658,0.2997061532156021,3,10,3,3,100,0.022268686286184947
0.7244482563725729,0.702179570086388,1076727.3526605673,1148804.0308579532,0.2889346620079658,0.2997061532156021,3,10,1,5,100,0.022268686286184947
0.7244482563725729,0.702179570086388,1076727.3526605673,1148804.0308579532,0.2889346620079658,0.2997061532156021,3,10,3,2,100,0.022268686286184947
0.7249064007287008,0.7023755203208136,1075831.8733434232,1148426.042251207,0.2876693789389079,0.29770419923919034,3,10,5,5,60,0.0225308804078872
0.7249064007287008,0.7023755203208135,1075831.873343423,1148426.042251207,0.2876693789389079,0.2977041992391903,3,10,5,2,60,0.02253088040788731
0.7249064007287008,0.7023755203208135,1075831.873343423,1148426.042251207,0.2876693789389079,0.2977041992391903,3,10,5,3,60,0.02253088040788731
0.7249547645587193,0.7023807280700605,1075737.2989202451,1148415.9947896784,0.2876680834500625,0.29773108461377773,3,10,3,2,60,0.022574036488658855
0.7249547645587193,0.7023807280700605,1075737.2989202451,1148415.9947896784,0.2876680834500625,0.29773108461377773,3,10,3,5,60,0.022574036488658855
0.7249547645587193,0.7023807280700605,1075737.2989202451,1148415.9947896784,0.2876680834500625,0.29773108461377773,3,10,1,3,60,0.022574036488658855
0.7249547645587193,0.7023807280700605,1075737.2989202451,1148415.9947896784,0.28766808345006245,0.29773108461377773,3,10,1,2,60,0.022574036488658855
0.7249547645587194,0.7023807280700605,1075737.2989202451,1148415.9947896784,0.2876680834500625,0.29773108461377773,3,10,3,3,60,0.022574036488658966
0.7249547645587194,0.7023807280700605,1075737.2989202451,1148415.9947896784,0.28766808345006256,0.29773108461377773,3,10,1,5,60,0.022574036488658966
0.7070226054397855,0.6843378390311801,1110251.1209247636,1182714.6334589391,0.31723280453197317,0.32702814753429976,3,7,3,2,60,0.022684766408605395
0.7070226054397855,0.6843378390311801,1110251.1209247636,1182714.6334589391,0.3172328045319731,0.3270281475342998,3,7,1,3,60,0.022684766408605395
0.7070226054397855,0.6843378390311801,1110251.1209247636,1182714.6334589391,0.3172328045319731,0.3270281475342998,3,7,1,2,60,0.022684766408605395
0.7070226054397856,0.6843378390311801,1110251.1209247636,1182714.633458939,0.3172328045319731,0.3270281475342998,3,7,1,5,60,0.022684766408605506
0.7070226054397856,0.6843378390311801,1110251.1209247636,1182714.6334589391,0.3172328045319731,0.3270281475342998,3,7,3,3,60,0.022684766408605506
0.7070226054397856,0.6843378390311801,1110251.1209247636,1182714.6334589391,0.3172328045319731,0.3270281475342998,3,7,3,5,60,0.022684766408605506
0.7070226054397856,0.6843378390311801,1110251.1209247636,1182714.6334589391,0.3172328045319731,0.3270281475342998,3,7,5,3,60,0.022684766408605506
0.7070226054397856,0.6843378390311801,1110251.1209247636,1182714.6334589391,0.3172328045319731,0.3270281475342998,3,7,5,5,60,0.022684766408605506
0.7070226054397856,0.6843378390311801,1110251.1209247636,1182714.6334589391,0.3172328045319731,0.3270281475342998,3,7,5,2,60,0.022684766408605506
0.6941951317114419,0.6700876565976684,1134295.8979741763,1209116.0606736343,0.33384342184962124,0.3401375983239965,3,5,5,2,200,0.024107475113773424
0.6941951317114419,0.6700876565976683,1134295.8979741763,1209116.0606736343,0.3338434218496212,0.3401375983239965,3,5,5,3,200,0.024107475113773535
0.6941951317114419,0.6700876565976683,1134295.8979741763,1209116.0606736343,0.33384342184962124,0.3401375983239965,3,5,5,5,200,0.024107475113773535
0.6940105493036126,0.6698217003426301,1134638.1742186474,1209603.3222201606,0.33388157351747333,0.3402046633109433,3,5,3,3,200,0.0241888489609825
0.6940105493036126,0.66982170034263,1134638.1742186474,1209603.3222201606,0.3338815735174733,0.34020466331094323,3,5,3,2,200,0.024188848960982612
0.6940105493036126,0.66982170034263,1134638.1742186474,1209603.3222201606,0.3338815735174732,0.34020466331094323,3,5,3,5,200,0.024188848960982612
0.6953405940511684,0.6711434750128413,1132169.5220520876,1207179.7432738417,0.3330199914738125,0.3394248306838563,3,5,3,2,150,0.02419711903832711
0.6953405940511685,0.6711434750128413,1132169.5220520876,1207179.7432738417,0.3330199914738125,0.3394248306838563,3,5,3,5,150,0.02419711903832722
0.6953405940511685,0.6711434750128413,1132169.5220520876,1207179.7432738417,0.3330199914738125,0.3394248306838563,3,5,3,3,150,0.02419711903832722
0.6956084622176282,0.6714107604336046,1131671.6892927708,1206689.0625204856,0.3330036433453854,0.3393736260188938,3,5,5,5,150,0.024197701784023584
0.6956084622176284,0.6714107604336046,1131671.6892927708,1206689.0625204858,0.33300364334538546,0.3393736260188938,3,5,5,3,150,0.024197701784023806
0.6956084622176284,0.6714107604336046,1131671.6892927708,1206689.0625204856,0.33300364334538546,0.3393736260188938,3,5,5,2,150,0.024197701784023806
0.6940468154052293,0.6697797986177444,1134570.933138027,1209680.0729601968,0.33388417249960894,0.34018763189847556,3,5,1,3,200,0.024267016787484885
0.6940468154052293,0.6697797986177444,1134570.933138027,1209680.072960197,0.3338841724996089,0.3401876318984755,3,5,1,5,200,0.024267016787484885
0.6940468154052293,0.6697797986177444,1134570.933138027,1209680.072960197,0.33388417249960894,0.34018763189847556,3,5,1,2,200,0.024267016787484885
0.6953925605916507,0.6711104108952604,1132072.959396755,1207240.428294082,0.3330110767077344,0.3394148947067906,3,5,1,3,150,0.02428214969639031
0.6953925605916507,0.6711104108952604,1132072.959396755,1207240.428294082,0.33301107670773433,0.33941489470679065,3,5,1,2,150,0.02428214969639031
0.6953925605916507,0.6711104108952604,1132072.959396755,1207240.428294082,0.33301107670773433,0.3394148947067906,3,5,1,5,150,0.02428214969639031
0.6917541716855213,0.667445177751138,1138813.9224277474,1213948.6947732356,0.3347370328614578,0.3409592982131354,3,5,5,3,80,0.02430899393438335
0.6917541716855213,0.667445177751138,1138813.9224277474,1213948.6947732356,0.33473703286145773,0.3409592982131354,3,5,5,5,80,0.02430899393438335
0.6917541716855213,0.667445177751138,1138813.9224277474,1213948.6947732356,0.33473703286145773,0.3409592982131354,3,5,5,2,80,0.02430899393438335
0.6918178567697417,0.6674003555773507,1138696.2741089156,1214030.5008130604,0.3346422332758441,0.3409386476371647,3,5,3,2,80,0.024417501192391056
0.6918178567697417,0.6674003555773507,1138696.2741089156,1214030.5008130604,0.33464223327584414,0.3409386476371647,3,5,3,5,80,0.024417501192391056
0.6918178567697417,0.6674003555773507,1138696.2741089156,1214030.5008130604,0.3346422332758441,0.34093864763716464,3,5,3,3,80,0.024417501192391056
0.6918837293056914,0.6673840476958777,1138574.5720221358,1214060.263356654,0.33463948713890235,0.34092717052630045,3,5,1,5,80,0.02449968160981375
0.6918837293056914,0.6673840476958777,1138574.5720221358,1214060.263356654,0.3346394871389024,0.34092717052630045,3,5,1,3,80,0.02449968160981375
0.6918837293056914,0.6673840476958777,1138574.5720221358,1214060.263356654,0.3346394871389024,0.34092717052630045,3,5,1,2,80,0.02449968160981375
0.6949117185878008,0.6698562959343671,1132966.131242401,1209539.9503405348,0.33282689207534877,0.339103581530557,3,5,5,2,100,0.025055422653433634
0.6949117185878008,0.669856295934367,1132966.131242401,1209539.9503405348,0.3328268920753488,0.339103581530557,3,5,5,3,100,0.025055422653433745
0.6949117185878008,0.669856295934367,1132966.131242401,1209539.950340535,0.3328268920753488,0.339103581530557,3,5,5,5,100,0.025055422653433745
0.7051829912336649,0.6800728560814245,1113731.3171316013,1190677.7883493975,0.3221007159539556,0.3306412136540804,3,7,1,2,40,0.025110135152240365
0.7051829912336649,0.6800728560814245,1113731.3171316013,1190677.7883493975,0.3221007159539556,0.3306412136540804,3,7,3,2,40,0.025110135152240365
0.7051829912336649,0.6800728560814244,1113731.3171316013,1190677.7883493975,0.3221007159539556,0.3306412136540804,3,7,5,3,40,0.025110135152240476
0.7051829912336649,0.6800728560814244,1113731.317131601,1190677.7883493975,0.3221007159539556,0.3306412136540804,3,7,3,3,40,0.025110135152240476
0.705182991233665,0.6800728560814245,1113731.317131601,1190677.7883493975,0.3221007159539556,0.3306412136540804,3,7,1,3,40,0.025110135152240476
0.7051829912336649,0.6800728560814244,1113731.3171316013,1190677.7883493975,0.3221007159539555,0.3306412136540804,3,7,5,5,40,0.025110135152240476
0.7051829912336649,0.6800728560814244,1113731.3171316013,1190677.7883493975,0.3221007159539556,0.3306412136540804,3,7,3,5,40,0.025110135152240476
0.705182991233665,0.6800728560814244,1113731.3171316013,1190677.7883493975,0.3221007159539556,0.3306412136540804,3,7,1,5,40,0.025110135152240587
0.705182991233665,0.6800728560814244,1113731.3171316013,1190677.7883493975,0.3221007159539556,0.3306412136540804,3,7,5,2,40,0.025110135152240587
0.6949653556663844,0.6698230647892123,1132866.5343908076,1209600.822902632,0.33274607182577487,0.33908706106978026,3,5,3,5,100,0.025142290877172124
0.6949653556663844,0.6698230647892122,1132866.5343908076,1209600.822902632,0.3327460718257748,0.33908706106978026,3,5,3,2,100,0.025142290877172235
0.6949653556663844,0.6698230647892122,1132866.5343908076,1209600.822902632,0.33274607182577487,0.33908706106978026,3,5,3,3,100,0.025142290877172235
0.6950219152610824,0.6698139499537836,1132761.5013336227,1209617.5188543617,0.33274146156592027,0.33907556285598395,3,5,1,2,100,0.02520796530729874
0.6950219152610824,0.6698139499537836,1132761.5013336227,1209617.5188543617,0.33274146156592027,0.3390755628559839,3,5,1,5,100,0.02520796530729874
0.6950219152610824,0.6698139499537835,1132761.5013336227,1209617.5188543617,0.33274146156592027,0.33907556285598395,3,5,1,3,100,0.025207965307298852
0.6605093609791746,0.6341884025994777,1195138.02942607,1273202.3823119544,0.3724898671764455,0.3760494270214226,3,3,3,5,200,0.026320958379696835
0.6605093609791746,0.6341884025994777,1195138.02942607,1273202.3823119544,0.3724898671764455,0.3760494270214226,3,3,3,3,200,0.026320958379696835
0.6605093609791746,0.6341884025994777,1195138.02942607,1273202.3823119544,0.37248986717644555,0.3760494270214225,3,3,3,2,200,0.026320958379696835
0.6605156593348723,0.6341818734048075,1195126.9430536267,1273213.7446487073,0.3725471281760832,0.3760716109897766,3,3,1,3,200,0.026333785930064857
0.6605156593348723,0.6341818734048075,1195126.9430536267,1273213.7446487073,0.37254712817608326,0.3760716109897766,3,3,1,5,200,0.026333785930064857
0.6605156593348723,0.6341818734048075,1195126.9430536267,1273213.7446487073,0.37254712817608326,0.37607161098977654,3,3,1,2,200,0.026333785930064857
0.6600337781463784,0.633591728623794,1195974.8539865338,1274240.3171457795,0.37257937498322913,0.37617625251857334,3,3,5,3,200,0.026442049522584443
0.6600337781463784,0.633591728623794,1195974.8539865338,1274240.3171457795,0.37257937498322913,0.37617625251857334,3,3,5,5,200,0.026442049522584443
0.6600337781463784,0.633591728623794,1195974.8539865338,1274240.3171457795,0.3725793749832291,0.3761762525185734,3,3,5,2,200,0.026442049522584443
0.6935290236229625,0.6665905504171342,1135530.5949223835,1215507.5475932288,0.33366506270387614,0.3408742861616747,3,5,3,2,60,0.026938473205828317
0.6935290236229625,0.6665905504171342,1135530.5949223835,1215507.5475932285,0.3336650627038762,0.3408742861616747,3,5,3,3,60,0.026938473205828317
0.6935290236229625,0.6665905504171342,1135530.5949223835,1215507.5475932285,0.3336650627038762,0.34087428616167476,3,5,3,5,60,0.026938473205828317
0.6935290236229625,0.6665905504171342,1135530.5949223835,1215507.5475932288,0.3336650627038762,0.3408742861616747,3,5,5,5,60,0.026938473205828317
0.6935290236229625,0.6665905504171342,1135530.5949223835,1215507.5475932288,0.3336650627038762,0.3408742861616747,3,5,5,3,60,0.026938473205828317
0.6935290236229625,0.6665905504171341,1135530.5949223835,1215507.5475932285,0.3336650627038762,0.3408742861616747,3,5,5,2,60,0.026938473205828428
0.6935757069931531,0.6665722427839091,1135444.1064486366,1215540.9191142204,0.33366687052672184,0.3408440914064188,3,5,1,3,60,0.027003464209243933
0.6935757069931531,0.666572242783909,1135444.1064486366,1215540.9191142204,0.33366687052672184,0.3408440914064189,3,5,1,2,60,0.027003464209244044
0.6935757069931531,0.6665722427839089,1135444.1064486366,1215540.9191142204,0.33366687052672184,0.34084409140641875,3,5,1,5,60,0.027003464209244155
0.6585973905577105,0.6313876747913079,1198498.7410624914,1278067.036748509,0.3749109523649841,0.3786315914744782,3,3,5,3,150,0.02720971576640263
0.6585973905577105,0.6313876747913079,1198498.7410624914,1278067.036748509,0.3749109523649841,0.3786315914744782,3,3,5,2,150,0.02720971576640263
0.6585973905577105,0.6313876747913079,1198498.7410624914,1278067.036748509,0.3749109523649841,0.3786315914744783,3,3,5,5,150,0.02720971576640263
0.6586197135761193,0.6312664943973654,1198459.557784345,1278277.1001805598,0.37496757391633495,0.3787377221104611,3,3,3,3,150,0.027353219178753885
0.6586197135761194,0.6312664943973654,1198459.557784345,1278277.1001805598,0.37496757391633495,0.378737722110461,3,3,3,2,150,0.027353219178753996
0.6586197135761194,0.6312664943973654,1198459.557784345,1278277.1001805598,0.37496757391633495,0.378737722110461,3,3,3,5,150,0.027353219178753996
0.6586262034115766,0.6312702052812149,1198448.1660276926,1278270.6679609367,0.37501177138595254,0.37872438236852163,3,3,1,5,150,0.027355998130361714
0.6586262034115766,0.6312702052812149,1198448.1660276926,1278270.6679609367,0.37501177138595254,0.37872438236852163,3,3,1,3,150,0.027355998130361714
0.6586262034115766,0.6312702052812149,1198448.1660276926,1278270.6679609367,0.3750117713859525,0.37872438236852163,3,3,1,2,150,0.027355998130361714
0.6873002962186954,0.6598823699741032,1147011.8348729105,1227674.6258252175,0.3412341096919416,0.3455225133949964,3,5,1,3,40,0.02741792624459216
0.6873002962186954,0.6598823699741032,1147011.8348729105,1227674.6258252175,0.3412341096919416,0.3455225133949965,3,5,5,3,40,0.02741792624459216
0.6873002962186954,0.6598823699741032,1147011.8348729105,1227674.6258252175,0.3412341096919416,0.3455225133949965,3,5,5,2,40,0.02741792624459216
0.6873002962186954,0.6598823699741032,1147011.8348729108,1227674.6258252175,0.34123410969194173,0.3455225133949964,3,5,3,3,40,0.02741792624459216
0.6873002962186954,0.6598823699741032,1147011.8348729105,1227674.6258252175,0.3412341096919417,0.3455225133949964,3,5,3,2,40,0.02741792624459216
0.6873002962186954,0.6598823699741032,1147011.8348729105,1227674.6258252177,0.3412341096919416,0.3455225133949965,3,5,1,5,40,0.02741792624459216
0.6873002962186954,0.6598823699741032,1147011.8348729105,1227674.6258252177,0.3412341096919416,0.3455225133949965,3,5,1,2,40,0.02741792624459216
0.6873002962186954,0.659882369974103,1147011.8348729105,1227674.6258252177,0.3412341096919417,0.3455225133949965,3,5,5,5,40,0.027417926244592383
0.6873002962186954,0.659882369974103,1147011.8348729105,1227674.6258252175,0.3412341096919416,0.3455225133949965,3,5,3,5,40,0.027417926244592383
0.6571801351399265,0.6276977830722288,1200983.8123836473,1284447.9761266808,0.3769161838712827,0.38173600887338605,3,3,5,2,80,0.02948235206769767
0.6571801351399265,0.6276977830722288,1200983.8123836473,1284447.9761266808,0.3769161838712827,0.3817360088733861,3,3,5,3,80,0.02948235206769767
0.6571801351399267,0.6276977830722288,1200983.812383647,1284447.9761266808,0.3769161838712827,0.38173600887338605,3,3,5,5,80,0.029482352067697892
0.66128593370515,0.631699661160119,1193770.3290329743,1277526.0565998573,0.37450447559534933,0.3793045360954918,3,3,5,5,100,0.02958627254503099
0.6612859337051499,0.6316996611601189,1193770.3290329743,1277526.0565998573,0.37450447559534933,0.37930453609549175,3,3,5,2,100,0.02958627254503099
0.66128593370515,0.631699661160119,1193770.3290329743,1277526.0565998573,0.3745044755953493,0.3793045360954918,3,3,5,3,100,0.02958627254503099
0.6571664228604674,0.6274963981591312,1201007.830917397,1284795.3195779875,0.37699417504571203,0.3818494765029026,3,3,3,3,80,0.029670024701336284
0.6571664228604673,0.627496398159131,1201007.830917397,1284795.3195779875,0.37699417504571203,0.3818494765029025,3,3,3,2,80,0.029670024701336284
0.6571664228604674,0.627496398159131,1201007.830917397,1284795.3195779878,0.37699417504571203,0.3818494765029025,3,3,3,5,80,0.029670024701336395
0.6571940816143846,0.6275076905088843,1200959.3831394094,1284775.8453125118,0.37699627891453014,0.38183323722126045,3,3,1,2,80,0.02968639110550031
0.6571940816143846,0.6275076905088843,1200959.3831394094,1284775.8453125118,0.37699627891453014,0.38183323722126045,3,3,1,3,80,0.02968639110550031
0.6571940816143846,0.6275076905088843,1200959.3831394094,1284775.8453125118,0.37699627891453014,0.38183323722126045,3,3,1,5,80,0.02968639110550031
0.6612771358241447,0.6315359285824504,1193785.8326422842,1277809.9952360871,0.3745672445016847,0.3794016012517635,3,3,3,3,100,0.029741207241694267
0.6612771358241447,0.6315359285824504,1193785.8326422845,1277809.9952360874,0.3745672445016847,0.3794016012517635,3,3,3,2,100,0.029741207241694267
0.6612771358241447,0.6315359285824504,1193785.8326422845,1277809.9952360871,0.3745672445016847,0.3794016012517635,3,3,3,5,100,0.029741207241694267
0.6612982431549932,0.6315198822841303,1193748.637005743,1277837.818704834,0.374620306751975,0.37944898786350684,3,3,1,3,100,0.02977836087086294
0.6612982431549932,0.6315198822841303,1193748.637005743,1277837.818704834,0.37462030675197494,0.37944898786350684,3,3,1,2,100,0.02977836087086294
0.6612982431549932,0.6315198822841301,1193748.637005743,1277837.818704834,0.374620306751975,0.37944898786350684,3,3,1,5,100,0.029778360870863052
0.6472375492779208,0.6174190565525141,1218275.0206944565,1302058.1327254877,0.38492284692307865,0.39068612991312546,3,3,5,3,40,0.02981849272540671
0.6472375492779208,0.617419056552514,1218275.0206944565,1302058.1327254877,0.38492284692307865,0.39068612991312557,3,3,5,5,40,0.02981849272540682
0.6472375492779208,0.617419056552514,1218275.0206944565,1302058.1327254877,0.38492284692307865,0.39068612991312546,3,3,5,2,40,0.02981849272540682
0.6471754491528263,0.6169617984774667,1218382.2482377428,1302836.005766875,0.38510527280316925,0.3910245639697624,3,3,3,3,40,0.030213650675359638
0.6471754491528263,0.6169617984774667,1218382.2482377428,1302836.0057668753,0.38510527280316925,0.3910245639697624,3,3,3,2,40,0.030213650675359638
0.6471754491528265,0.6169617984774667,1218382.2482377428,1302836.0057668753,0.38510527280316925,0.39102456396976226,3,3,3,5,40,0.03021365067535986
0.6472161656212139,0.616936261054317,1218311.9446640927,1302879.4355340747,0.3851242930544792,0.3910146831404281,3,3,1,3,40,0.030279904566896887
0.6472161656212138,0.6169362610543169,1218311.9446640925,1302879.4355340747,0.38512429305447915,0.39101468314042803,3,3,1,5,40,0.030279904566896887
0.6472161656212139,0.6169362610543169,1218311.9446640925,1302879.4355340747,0.38512429305447915,0.39101468314042803,3,3,1,2,40,0.030279904566896998
0.7352547564529512,0.704620150110769,1055402.8125143095,1144087.2357929542,0.2990198530363377,0.3095783624237899,5,3,5,3,80,0.03063460634218229
0.7352547564529512,0.704620150110769,1055402.8125143095,1144087.2357929542,0.2990198530363377,0.3095783624237899,5,3,5,2,80,0.03063460634218229
0.7352547564529512,0.704620150110769,1055402.8125143095,1144087.2357929542,0.2990198530363377,0.3095783624237899,5,3,5,5,80,0.03063460634218229
0.6508782768184295,0.6197002690039204,1211972.0384909373,1298170.442775106,0.38428918353844277,0.38897387928708976,3,3,5,5,60,0.03117800781450908
0.6508782768184295,0.6197002690039204,1211972.0384909373,1298170.4427751063,0.3842891835384427,0.38897387928708976,3,3,5,2,60,0.03117800781450908
0.6508782768184296,0.6197002690039204,1211972.0384909373,1298170.442775106,0.38428918353844277,0.38897387928708976,3,3,5,3,60,0.03117800781450919
0.6508309895271323,0.6194017591075547,1212054.114355193,1298679.8313953197,0.3844135391031101,0.389195830276208,3,3,3,2,60,0.03142923041957757
0.6508309895271324,0.6194017591075547,1212054.114355193,1298679.8313953197,0.38441353910311016,0.389195830276208,3,3,3,5,60,0.03142923041957768
0.6508309895271324,0.6194017591075547,1212054.114355193,1298679.8313953197,0.38441353910311016,0.389195830276208,3,3,3,3,60,0.03142923041957768
0.6508792727705333,0.6194131810777164,1211970.3097715792,1298660.3441880995,0.38442533360560915,0.38918866142622527,3,3,1,2,60,0.03146609169281689
0.6508792727705334,0.6194131810777164,1211970.3097715792,1298660.3441880997,0.3844253336056091,0.38918866142622544,3,3,1,3,60,0.031466091692817
0.6508792727705334,0.6194131810777164,1211970.3097715792,1298660.3441880995,0.3844253336056091,0.38918866142622527,3,3,1,5,60,0.031466091692817
0.7369808000992357,0.7054973535700841,1051956.7634500195,1142387.1477582501,0.29775232510744887,0.3090669945205216,5,3,5,3,100,0.03148344652915158
0.7369808000992357,0.7054973535700841,1051956.7634500195,1142387.1477582501,0.29775232510744887,0.30906699452052155,5,3,5,2,100,0.03148344652915158
0.7369808000992357,0.7054973535700841,1051956.7634500195,1142387.1477582501,0.2977523251074488,0.30906699452052155,5,3,5,5,100,0.03148344652915158
0.7767355481160719,0.7446703388017892,969201.2246155187,1063700.4478781454,0.24569396908758143,0.261431324676543,5,7,5,3,200,0.032065209314282694
0.7767355481160719,0.7446703388017892,969201.2246155187,1063700.4478781454,0.24569396908758143,0.261431324676543,5,7,5,5,200,0.032065209314282694
0.7767355481160719,0.7446703388017892,969201.2246155188,1063700.4478781454,0.24569396908758143,0.261431324676543,5,7,5,2,200,0.032065209314282694
0.735164546069084,0.7028462358314237,1055582.6083484879,1147517.5217837205,0.29824610684291786,0.3096517667999662,5,3,5,3,150,0.0323183102376603
0.735164546069084,0.7028462358314237,1055582.6083484879,1147517.5217837205,0.2982461068429179,0.3096517667999662,5,3,5,2,150,0.0323183102376603
0.735164546069084,0.7028462358314237,1055582.6083484879,1147517.5217837205,0.29824610684291786,0.3096517667999662,5,3,5,5,150,0.0323183102376603
0.7347441946454012,0.7023259422855086,1056419.995709107,1148521.6901898605,0.30189924673954455,0.31237148527633296,5,3,5,3,60,0.032418252359892596
0.7347441946454012,0.7023259422855086,1056419.995709107,1148521.6901898605,0.30189924673954455,0.31237148527633296,5,3,5,2,60,0.032418252359892596
0.7347441946454012,0.7023259422855086,1056419.995709107,1148521.6901898605,0.30189924673954455,0.31237148527633296,5,3,5,5,60,0.032418252359892596
0.7758797754126698,0.7430831343272395,971056.9223695018,1067001.4636466128,0.24835297955257185,0.2639612632126404,5,7,5,2,80,0.032796641085430345
0.7758797754126698,0.7430831343272395,971056.9223695018,1067001.4636466128,0.24835297955257188,0.2639612632126404,5,7,5,5,80,0.032796641085430345
0.7758797754126698,0.7430831343272395,971056.9223695018,1067001.4636466128,0.2483529795525719,0.2639612632126404,5,7,5,3,80,0.032796641085430345
0.7734543456910122,0.7406376807806767,976297.1734351517,1072067.5435742785,0.25036914896963053,0.2668955678698586,5,7,5,5,60,0.032816664910335525
0.7734543456910122,0.7406376807806767,976297.1734351517,1072067.5435742785,0.25036914896963053,0.2668955678698586,5,7,5,2,60,0.032816664910335525
0.7734543456910122,0.7406376807806767,976297.1734351517,1072067.5435742785,0.25036914896963053,0.2668955678698586,5,7,5,3,60,0.032816664910335525
0.7766473982731191,0.743498807550577,969392.5369891926,1066137.9479732437,0.24682612569963838,0.2627075783556526,5,7,5,3,100,0.03314859072254217
0.7766473982731191,0.743498807550577,969392.5369891926,1066137.9479732437,0.24682612569963838,0.26270757835565256,5,7,5,2,100,0.03314859072254217
0.7766473982731192,0.743498807550577,969392.5369891925,1066137.9479732434,0.24682612569963838,0.2627075783556526,5,7,5,5,100,0.03314859072254228
0.7770348529540059,0.7438604255120338,968551.3587286108,1065386.156907061,0.245678117892306,0.26173280185185094,5,7,5,3,150,0.033174427441972076
0.7770348529540059,0.7438604255120338,968551.3587286108,1065386.156907061,0.245678117892306,0.2617328018518509,5,7,5,5,150,0.033174427441972076
0.777034852954006,0.7438604255120338,968551.3587286108,1065386.1569070613,0.245678117892306,0.2617328018518509,5,7,5,2,150,0.03317442744197219
0.7351011556124237,0.7018126613872662,1055708.9318051504,1149511.4646138884,0.298004338734914,0.30980087730371064,5,3,5,3,200,0.03328849422515756
0.7351011556124238,0.7018126613872662,1055708.9318051504,1149511.4646138884,0.298004338734914,0.30980087730371064,5,3,5,2,200,0.03328849422515767
0.7351011556124238,0.7018126613872662,1055708.9318051504,1149511.4646138884,0.298004338734914,0.30980087730371064,5,3,5,5,200,0.03328849422515767
0.7877561683985107,0.7540847261897089,944978.0105959285,1043906.1578609894,0.23150598425468868,0.2501668122935429,5,10,5,2,150,0.033671442208801805
0.7877561683985107,0.7540847261897089,944978.0105959286,1043906.1578609896,0.23150598425468868,0.2501668122935429,5,10,5,3,150,0.033671442208801805
0.7877561683985107,0.7540847261897089,944978.0105959285,1043906.1578609896,0.23150598425468868,0.2501668122935429,5,10,5,5,150,0.033671442208801805
0.7877922920459169,0.7541074958054634,944897.5901078363,1043857.8284262943,0.2316672188316277,0.25031145491794177,5,10,5,5,200,0.03368479624045351
0.7877922920459169,0.7541074958054634,944897.5901078363,1043857.8284262943,0.23166721883162772,0.25031145491794177,5,10,5,2,200,0.03368479624045351
0.7877922920459169,0.7541074958054634,944897.5901078363,1043857.8284262944,0.2316672188316277,0.2503114549179418,5,10,5,3,200,0.03368479624045351
0.7871274997946883,0.7533693964139703,946376.4935011191,1045423.3367223676,0.23140898961174552,0.24999020313718795,5,10,5,5,100,0.03375810338071805
0.7871274997946883,0.7533693964139703,946376.4935011192,1045423.3367223677,0.23140898961174552,0.24999020313718792,5,10,5,3,100,0.03375810338071805
0.7871274997946883,0.7533693964139703,946376.4935011191,1045423.3367223676,0.23140898961174552,0.24999020313718792,5,10,5,2,100,0.03375810338071805
0.7860193326155454,0.7519987109168064,948836.6093633889,1048324.3578167384,0.23194707171684453,0.2506441605527798,5,10,5,3,80,0.034020621698738984
0.7860193326155454,0.7519987109168064,948836.6093633889,1048324.3578167384,0.23194707171684453,0.2506441605527798,5,10,5,5,80,0.034020621698738984
0.7860193326155454,0.7519987109168063,948836.6093633889,1048324.3578167384,0.23194707171684453,0.2506441605527798,5,10,5,2,80,0.034020621698739095
0.7432068220416919,0.709137802113174,1039431.574299645,1135304.4715473983,0.2933930187760249,0.3059947852796773,5,3,1,3,80,0.03406901992851785
0.7722425737499399,0.7381249853567262,978904.7532087895,1077248.1078074237,0.2524857411206832,0.2689500422845684,5,7,5,2,40,0.03411758839321366
0.7722425737499399,0.7381249853567262,978904.7532087895,1077248.1078074237,0.2524857411206832,0.2689500422845684,5,7,5,5,40,0.03411758839321366
0.7722425737499399,0.7381249853567262,978904.7532087895,1077248.1078074237,0.25248574112068317,0.26895004228456837,5,7,5,3,40,0.03411758839321366
0.7358880829738412,0.7016699177013122,1054139.6834614691,1149786.5699752383,0.2977941745113535,0.3093049674221314,5,3,3,2,60,0.03421816527252908
0.7358880829738413,0.7016699177013122,1054139.6834614691,1149786.5699752383,0.2977941745113535,0.3093049674221313,5,3,3,3,60,0.03421816527252919
0.7358880829738415,0.7016699177013122,1054139.6834614691,1149786.5699752383,0.2977941745113535,0.3093049674221314,5,3,3,5,60,0.0342181652725293
0.7389093377705072,0.7046847784736732,1048093.0326321778,1143962.0672514357,0.2945934284036858,0.30608718288557046,5,3,3,5,100,0.03422455929683399
0.7389093377705072,0.7046847784736732,1048093.0326321779,1143962.0672514357,0.2945934284036858,0.30608718288557046,5,3,3,3,100,0.03422455929683399
0.7389093377705072,0.7046847784736732,1048093.0326321778,1143962.0672514357,0.29459342840368574,0.30608718288557046,5,3,3,2,100,0.03422455929683399
0.7373342716175997,0.7030719572084455,1051249.6634237757,1147081.6053095032,0.295450778188867,0.3070938525867952,5,3,3,5,80,0.03426231440915417
0.7373342716175998,0.7030719572084456,1051249.6634237757,1147081.6053095032,0.29545077818886695,0.3070938525867952,5,3,3,2,80,0.03426231440915417
0.7373342716175998,0.7030719572084456,1051249.6634237757,1147081.6053095034,0.295450778188867,0.3070938525867952,5,3,3,3,80,0.03426231440915417
0.7426353542059478,0.7082770156763718,1040587.50766803,1136983.1577713746,0.291741577089858,0.3035989706705201,5,3,1,5,80,0.03435833852957604
0.743669717624458,0.7092156077814957,1038494.3116484811,1135152.6143588922,0.2914436228830345,0.30338276358490035,5,3,1,5,100,0.034454109842962266
0.7406799723946935,0.7059836945918191,1044533.0683332843,1141443.4901988,0.2951971286619785,0.30827189433251806,5,3,1,2,80,0.03469627780287443
0.7365426309072558,0.7018449197417564,1052832.6372162967,1149449.2849931475,0.296327066235063,0.3083151628295317,5,3,3,5,200,0.034697711165499356
0.7365426309072558,0.7018449197417564,1052832.6372162967,1149449.2849931475,0.29632706623506305,0.3083151628295317,5,3,3,3,200,0.034697711165499356
0.7365426309072558,0.7018449197417564,1052832.6372162967,1149449.2849931475,0.296327066235063,0.3083151628295317,5,3,3,2,200,0.034697711165499356
0.7855579364045374,0.7508581132127585,949859.023863954,1050732.2982949344,0.2319179796186081,0.2512780334265625,5,10,5,2,60,0.03469982319177889
0.7855579364045374,0.7508581132127585,949859.023863954,1050732.2982949344,0.2319179796186081,0.2512780334265625,5,10,5,5,60,0.03469982319177889
0.7855579364045374,0.7508581132127585,949859.0238639541,1050732.2982949344,0.2319179796186081,0.2512780334265625,5,10,5,3,60,0.03469982319177889
0.7373568697565129,0.7026058841616916,1051204.440933092,1147981.510527419,0.29585000171613585,0.30762881806990616,5,3,3,2,150,0.03475098559482137
0.7373568697565129,0.7026058841616916,1051204.440933092,1147981.510527419,0.29585000171613585,0.30762881806990616,5,3,3,5,150,0.03475098559482137
0.7373568697565129,0.7026058841616916,1051204.440933092,1147981.510527419,0.29585000171613585,0.30762881806990616,5,3,3,3,150,0.03475098559482137
0.7399665409197812,0.7051768922366046,1045968.921427266,1143008.519717694,0.29467227422570086,0.30669954838501273,5,3,1,5,60,0.03478964868317658
0.7395178151363802,0.7046291654782892,1046871.0186332245,1144069.7761632383,0.29399168489909444,0.3063920590069643,5,3,1,5,200,0.03488864965809091
0.7356380660131736,0.7007406109409107,1054638.5069532844,1151575.9866044337,0.29891553786806696,0.3098988664676246,5,3,5,3,40,0.03489745507226294
0.7356380660131736,0.7007406109409107,1054638.5069532844,1151575.986604434,0.29891553786806696,0.3098988664676246,5,3,5,2,40,0.03489745507226294
0.7356380660131736,0.7007406109409107,1054638.5069532844,1151575.9866044337,0.29891553786806696,0.3098988664676246,5,3,5,5,40,0.03489745507226294
0.764780797065069,0.7298633504485179,994810.9364777174,1094108.676708307,0.26286067471573915,0.27758554458013673,5,5,5,5,200,0.03491744661655105
0.764780797065069,0.7298633504485179,994810.9364777174,1094108.676708307,0.26286067471573915,0.27758554458013673,5,5,5,2,200,0.03491744661655105
0.7647807970650691,0.7298633504485179,994810.9364777174,1094108.676708307,0.26286067471573915,0.27758554458013673,5,5,5,3,200,0.03491744661655116
0.7421638381604826,0.7070789376894113,1041540.2981724297,1139315.5052901774,0.29564980497990045,0.3089615052162024,5,3,1,3,60,0.03508490047107127
0.7437961584720743,0.7086826061069362,1038238.1493712859,1136192.4934905353,0.2932499332655489,0.3061668806010517,5,3,1,3,100,0.03511355236513802
0.741248442311542,0.7060450992681313,1043387.5505597066,1141324.289959439,0.2929877131497259,0.3052273180631236,5,3,1,5,150,0.03520334304341066
0.7642969397540976,0.7285911369140575,995833.5980092171,1096682.0129718664,0.26295393610872386,0.2778396858256655,5,5,5,5,150,0.0357058028400401
0.7642969397540976,0.7285911369140575,995833.5980092171,1096682.0129718664,0.26295393610872386,0.2778396858256655,5,5,5,3,150,0.0357058028400401
0.7642969397540976,0.7285911369140575,995833.5980092171,1096682.0129718664,0.26295393610872386,0.2778396858256655,5,5,5,2,150,0.0357058028400401
0.7391174765272018,0.7033475275418941,1047675.1849147003,1146549.1951121513,0.2978048889382779,0.3115300817605141,5,3,1,2,60,0.03576994898530772
0.7768395397728957,0.7410129440021732,968975.4820502972,1071291.6923477298,0.2489445762998113,0.265448719175897,5,7,3,5,60,0.03582659577072245
0.7768395397728957,0.7410129440021731,968975.4820502973,1071291.6923477298,0.2489445762998113,0.265448719175897,5,7,3,3,60,0.03582659577072256
0.7768395397728957,0.7410129440021731,968975.4820502972,1071291.6923477298,0.2489445762998113,0.265448719175897,5,7,3,2,60,0.03582659577072256
0.7401254183178718,0.7042867384380422,1045649.335223438,1144732.7511494453,0.29479614618859284,0.3076842449281989,5,3,1,2,200,0.03583867987982958
0.7841197802576771,0.748274163738845,953038.8172125996,1056167.0242409871,0.23247066122731666,0.25268750841038873,5,10,5,5,40,0.03584561651883211
0.7841197802576771,0.748274163738845,953038.8172125996,1056167.0242409871,0.23247066122731666,0.2526875084103887,5,10,5,2,40,0.03584561651883211
0.7841197802576771,0.7482741637388449,953038.8172125996,1056167.0242409871,0.2324706612273167,0.2526875084103887,5,10,5,3,40,0.035845616518832224
0.7657111831438717,0.7297303009437062,992841.5494386316,1094378.0823923333,0.2629365953859203,0.27772098971099746,5,5,3,2,200,0.03598088220016549
0.7657111831438717,0.7297303009437062,992841.5494386316,1094378.0823923335,0.2629365953859203,0.27772098971099746,5,5,3,5,200,0.03598088220016549
0.7657111831438717,0.7297303009437062,992841.5494386316,1094378.0823923333,0.2629365953859203,0.27772098971099746,5,5,3,3,200,0.03598088220016549
0.7805263798608368,0.7444738755610524,960937.9112949828,1064109.60099443,0.24459120096534276,0.26123818853048447,5,7,3,3,200,0.03605250429978446
0.780526379860837,0.7444738755610523,960937.9112949828,1064109.60099443,0.24459120096534281,0.26123818853048447,5,7,3,2,200,0.03605250429978468
0.780526379860837,0.7444738755610523,960937.9112949828,1064109.60099443,0.24459120096534281,0.26123818853048447,5,7,3,5,200,0.03605250429978468
0.77854789849283,0.7424484901380294,965259.460943491,1068318.521215648,0.2475422661934994,0.26346146824498196,5,7,3,2,80,0.03609940835480063
0.77854789849283,0.7424484901380294,965259.460943491,1068318.521215648,0.2475422661934994,0.26346146824498196,5,7,3,5,80,0.03609940835480063
0.77854789849283,0.7424484901380293,965259.4609434908,1068318.521215648,0.24754226619349942,0.26346146824498196,5,7,3,3,80,0.036099408354800744
0.7416423632928201,0.7054976785263156,1042593.0262659348,1142386.5174991859,0.29624026538069315,0.30905683911235254,5,3,1,3,40,0.036144684766504453
0.7401630616065468,0.7039642795601879,1045573.6004112277,1145356.7148204132,0.2945095002274217,0.30762384377652513,5,3,1,3,200,0.036198782046358846
0.7420006438435667,0.7056494290291329,1041869.8612739152,1142092.1563797616,0.293148971386651,0.30436558371753697,5,3,1,5,40,0.03635121481443382
0.7405421588675614,0.7041627608379213,1044810.5857841977,1144972.690248794,0.29543433644260864,0.30793045273602804,5,3,1,2,150,0.036379398029640075
0.7807208003472434,0.7443359736811925,960512.1940510427,1064396.7006433518,0.24434546850244004,0.26129019196139824,5,7,3,3,150,0.03638482666605092
0.7807208003472434,0.7443359736811925,960512.1940510427,1064396.7006433518,0.24434546850244004,0.26129019196139824,5,7,3,5,150,0.03638482666605092
0.7807208003472434,0.7443359736811925,960512.1940510427,1064396.7006433518,0.24434546850244004,0.26129019196139824,5,7,3,2,150,0.03638482666605092
0.7420417432856419,0.7056548846966,1041786.8727422567,1142081.5722251711,0.2949619815385094,0.3082603721103756,5,3,1,2,100,0.03638685858904189
0.7421634953175875,0.7057738979906563,1041540.9906365315,1141850.6585371015,0.2939339271299354,0.3066442456880756,5,3,1,3,150,0.036389597326931256
0.7795451967316812,0.7431253702980387,963083.5099945985,1066913.7549342036,0.24617806764012679,0.2625677216571088,5,7,3,2,100,0.0364198264336425
0.7795451967316812,0.7431253702980387,963083.5099945985,1066913.7549342036,0.24617806764012679,0.2625677216571088,5,7,3,5,100,0.0364198264336425
0.7795451967316812,0.7431253702980387,963083.5099945983,1066913.7549342036,0.24617806764012679,0.2625677216571088,5,7,3,3,100,0.0364198264336425
0.7639606434144377,0.7274144920632404,996543.7623645263,1099056.6769230491,0.2635608321931815,0.2787466487433288,5,5,5,2,100,0.03654615135119732
0.7639606434144377,0.7274144920632404,996543.7623645263,1099056.6769230491,0.2635608321931815,0.2787466487433288,5,5,5,3,100,0.03654615135119732
0.7639606434144377,0.7274144920632404,996543.7623645263,1099056.6769230491,0.2635608321931815,0.2787466487433288,5,5,5,5,100,0.03654615135119732
0.7827081282433881,0.746135612441436,956149.7251636332,1060643.899764764,0.24538740609177723,0.2614450265266948,5,7,1,2,100,0.03657251580195209
0.7839674609259817,0.7473049497858475,953374.9773262109,1058198.3381272003,0.24385657824689724,0.25989109161867874,5,7,1,2,150,0.03666251114013419
0.7745123707832817,0.7378367621572473,974014.7289428958,1077840.7617340875,0.250640281856751,0.26744099705653956,5,7,3,3,40,0.03667560862603447
0.7745123707832817,0.7378367621572473,974014.7289428958,1077840.7617340875,0.250640281856751,0.26744099705653945,5,7,3,5,40,0.03667560862603447
0.7745123707832817,0.7378367621572473,974014.7289428958,1077840.7617340875,0.250640281856751,0.26744099705653945,5,7,3,2,40,0.03667560862603447
0.7382127444986344,0.7015088976306469,1049490.2641947903,1150096.8198475647,0.29779430227950915,0.3106481056219323,5,3,1,2,40,0.036703846867987444
0.7374698627902544,0.7007610715369823,1050978.294609357,1151536.618860731,0.29593842960571937,0.3079120434707952,5,3,3,3,40,0.03670879125327209
0.7374698627902544,0.7007610715369823,1050978.294609357,1151536.618860731,0.29593842960571937,0.3079120434707952,5,3,3,2,40,0.03670879125327209
0.7374698627902544,0.7007610715369823,1050978.294609357,1151536.618860731,0.29593842960571937,0.3079120434707952,5,3,3,5,40,0.03670879125327209
0.7837620276849285,0.7469725029391603,953828.1691766063,1058894.1947946004,0.24376412424372376,0.2599896360031562,5,7,1,2,200,0.03678952474576824
0.7674600806234153,0.7306308365325747,989128.97227351,1092553.3333997997,0.26243143295553234,0.27747019008753054,5,5,1,5,200,0.03682924409084065
0.7636859550177649,0.7268245062458931,997123.4525872031,1100245.4366825058,0.2635476885060671,0.2790278308601555,5,5,5,3,80,0.03686144877187181
0.7636859550177649,0.7268245062458931,997123.4525872031,1100245.4366825058,0.2635476885060671,0.2790278308601555,5,5,5,2,80,0.03686144877187181
0.7636859550177649,0.7268245062458931,997123.4525872031,1100245.4366825058,0.2635476885060671,0.2790278308601555,5,5,5,5,80,0.03686144877187181
0.779384383192837,0.7424760122060694,963434.7126702135,1068261.4391962616,0.24981073353009575,0.2651558712624682,5,7,1,2,40,0.03690837098676758
0.7821147863685071,0.7451588968151998,957454.2767497404,1062682.2970546193,0.24663886816154001,0.2622501770493839,5,7,1,2,80,0.03695588955330731
0.7825637104887997,0.7455874314075683,956467.4132095679,1061788.4307862173,0.24479695014803293,0.261261033081249,5,7,1,3,100,0.036976279081231356
0.763534256179611,0.7265003227486214,997443.446690372,1100898.0861037653,0.26435767047675673,0.279216889334944,5,5,3,5,150,0.037033933430989596
0.763534256179611,0.7265003227486214,997443.446690372,1100898.0861037653,0.26435767047675673,0.279216889334944,5,5,3,2,150,0.037033933430989596
0.763534256179611,0.7265003227486214,997443.446690372,1100898.0861037653,0.26435767047675673,0.27921688933494393,5,5,3,3,150,0.037033933430989596
0.7833886123690966,0.7463215289646267,954651.3835480269,1060255.4495682772,0.24334406844390968,0.25991300741633716,5,7,1,3,200,0.03706708340446996
0.7819892967846813,0.7446805176849406,957729.9568698304,1063679.2451114408,0.24555386449162545,0.2625247879084662,5,7,1,5,100,0.03730877909974073
0.7788579526610424,0.7415054637290297,964583.4963742765,1070272.5615264727,0.24899932255278884,0.26459931525828656,5,7,1,3,40,0.037352488932012706
0.7818259599843583,0.7444341147757052,958088.6623255861,1064192.3874174645,0.2460407450873346,0.2619626064245238,5,7,1,3,80,0.03739184520865313
0.790754290579898,0.753331485740275,938279.9690137099,1045503.6819421081,0.2305468125199424,0.2502454037685113,5,10,3,5,200,0.037422804839623014
0.790754290579898,0.753331485740275,938279.9690137099,1045503.6819421081,0.2305468125199424,0.2502454037685113,5,10,3,2,200,0.037422804839623014
0.790754290579898,0.753331485740275,938279.9690137099,1045503.6819421081,0.2305468125199424,0.2502454037685113,5,10,3,3,200,0.037422804839623014
0.778781569585367,0.7413489643755797,964750.0668977255,1070596.498005403,0.24959472917543069,0.2661102855492508,5,7,1,5,40,0.037432605209787306
0.7834407559885691,0.7460000790511464,954536.4727505619,1060926.9908344115,0.2434244698280641,0.2599348765426501,5,7,1,3,150,0.0374406769374227
0.7815880485167181,0.7440044458236956,958610.9017572774,1065086.595972115,0.24657204065552124,0.26324238551258455,5,7,1,5,80,0.03758360269302252
0.7813644721728046,0.7437623801661541,959101.414981586,1065590.042152859,0.24772727423858315,0.263917985420781,5,7,1,2,60,0.037602092006650434
0.7634024582769181,0.7257706123241259,997721.3783673884,1102365.7326034338,0.2649395685554755,0.27983347925137564,5,5,3,2,80,0.03763184595279223
0.7634024582769181,0.7257706123241259,997721.3783673885,1102365.732603434,0.2649395685554755,0.27983347925137564,5,5,3,3,80,0.03763184595279223
0.7634024582769181,0.7257706123241259,997721.3783673885,1102365.7326034338,0.2649395685554755,0.2798334792513757,5,5,3,5,80,0.03763184595279223
0.7905576702041833,0.7528281634891101,938720.698820041,1046569.8032179041,0.23069847130294568,0.25068678346770495,5,10,3,3,150,0.03772950671507325
0.7905576702041833,0.75282816348911,938720.698820041,1046569.803217904,0.23069847130294568,0.25068678346770495,5,10,3,5,150,0.03772950671507336
0.7905576702041833,0.75282816348911,938720.698820041,1046569.803217904,0.23069847130294574,0.25068678346770495,5,10,3,2,150,0.03772950671507336
0.7637471929541491,0.7259663621428076,996994.2479541687,1101972.2182245285,0.2647119667268725,0.2794548410518945,5,5,3,3,100,0.037780830811341426
0.7637471929541491,0.7259663621428076,996994.2479541687,1101972.2182245285,0.2647119667268725,0.2794548410518945,5,5,3,2,100,0.037780830811341426
0.7637471929541492,0.7259663621428076,996994.2479541687,1101972.2182245285,0.2647119667268725,0.2794548410518945,5,5,3,5,100,0.03778083081134154
0.7665173415246788,0.728708059439914,991131.9560359939,1096445.7630526181,0.2631870451549073,0.2784850459724804,5,5,1,5,150,0.03780928208476475
0.782663234396404,0.744839693347985,956248.4932909964,1063347.62481238,0.24438012638555098,0.26146784110584825,5,7,1,5,200,0.037823541048418896
0.7826659324931324,0.7446041871254864,956242.5576663183,1063838.232517685,0.24426965505065998,0.2615354382128112,5,7,1,5,150,0.03806174536764606
0.7647282122716113,0.7266611553565046,994922.1285139748,1100574.3446831205,0.2610875777932254,0.2773385600428507,5,5,5,5,60,0.0380670569151067
0.7647282122716113,0.7266611553565046,994922.1285139748,1100574.3446831205,0.2610875777932254,0.2773385600428506,5,5,5,3,60,0.0380670569151067
0.7647282122716113,0.7266611553565046,994922.128513975,1100574.3446831205,0.2610875777932254,0.2773385600428506,5,5,5,2,60,0.0380670569151067
0.7803409385643982,0.7421642958132755,961343.7913876233,1068907.7749007277,0.24792170663438404,0.2648982693072177,5,7,1,5,60,0.03817664275112276
0.7673210999610661,0.7290745149179156,989424.5113492165,1095704.9848113602,0.26263794928627665,0.2776712825922138,5,5,1,3,200,0.03824658504315048
0.7631656416905346,0.7248293169048278,998220.5760236862,1104256.053167508,0.2642465867604801,0.27970041403884444,5,5,3,2,60,0.03833632478570681
0.7631656416905346,0.7248293169048278,998220.5760236862,1104256.053167508,0.2642465867604801,0.2797004140388444,5,5,3,3,60,0.03833632478570681
0.7631656416905346,0.7248293169048278,998220.5760236862,1104256.053167508,0.2642465867604801,0.2797004140388444,5,5,3,5,60,0.03833632478570681
0.7668856710942095,0.7285119872698906,990349.8694802914,1096841.9113307782,0.2631752068491104,0.27813883214837365,5,5,1,2,200,0.03837368382431883
0.7803850017560434,0.7420004333770001,961247.3646798407,1069247.3826611096,0.24754870870058146,0.2639945733711687,5,7,1,3,60,0.03838456837904336
0.7591602154559411,0.720540806636809,1006626.3141327974,1112827.6508680754,0.2673718669837422,0.2829274018138779,5,5,5,2,40,0.03861940881913217
0.7591602154559411,0.720540806636809,1006626.3141327974,1112827.6508680754,0.26737186698374216,0.2829274018138778,5,5,5,3,40,0.03861940881913217
0.7591602154559411,0.7205408066368089,1006626.3141327974,1112827.6508680754,0.2673718669837422,0.2829274018138778,5,5,5,5,40,0.038619408819132284
0.7893476779301936,0.7507028504850335,941428.3869278554,1051059.6502228396,0.23101806549532425,0.2510611624078302,5,10,3,5,60,0.03864482744516007
0.7893476779301936,0.7507028504850335,941428.3869278554,1051059.6502228396,0.23101806549532425,0.2510611624078302,5,10,3,2,60,0.03864482744516007
0.7893476779301936,0.7507028504850335,941428.3869278554,1051059.6502228396,0.23101806549532425,0.2510611624078302,5,10,3,3,60,0.03864482744516007
0.7904327743823458,0.7517551328151907,939000.548695264,1048839.045038756,0.23033470672066836,0.25083190189025817,5,10,3,2,100,0.03867764156715514
0.7904327743823458,0.7517551328151906,939000.548695264,1048839.045038756,0.23033470672066833,0.25083190189025817,5,10,3,5,100,0.03867764156715525
0.7904327743823458,0.7517551328151906,939000.548695264,1048839.045038756,0.2303347067206683,0.25083190189025817,5,10,3,3,100,0.03867764156715525
0.7663022948955123,0.7275536185747102,991588.286567601,1098776.1641430443,0.2635987759473282,0.27941941309149676,5,5,1,5,100,0.038748676320802034
0.7920613005394426,0.7532974676159857,935344.9929663389,1045575.772310343,0.23088159731141542,0.25078429267547675,5,10,1,5,200,0.038763832923456865
0.7668442742352624,0.7280477567601831,990437.7996262256,1097779.2823573388,0.2636575949960676,0.2797135627777908,5,5,1,5,80,0.038796517475079284
0.7894887397879053,0.7504796385360872,941113.1236651671,1051530.0859693948,0.23148904802539474,0.25176053895656514,5,10,1,5,60,0.03900910125181811
0.7907620260241882,0.7516867276483802,938262.6255768259,1048983.5416175392,0.23114331662141152,0.25166114774502196,5,10,1,5,100,0.03907529837580803
0.7893108663558148,0.7501414813987792,941510.6408210611,1052242.376560194,0.23094351367246663,0.25140013631203273,5,10,3,3,80,0.03916938495703559
0.7893108663558148,0.7501414813987791,941510.6408210611,1052242.376560194,0.23094351367246663,0.2514001363120328,5,10,3,5,80,0.0391693849570357
0.7893108663558149,0.7501414813987791,941510.6408210611,1052242.376560194,0.23094351367246663,0.2514001363120328,5,10,3,2,80,0.03916938495703581
0.7916935004742585,0.7524773822720827,936171.8423210564,1047312.1751554895,0.23107118741690433,0.251288411429514,5,10,1,5,150,0.03921611820217574
0.7926489835262591,0.7534283116352822,934022.3068197253,1045298.4636834317,0.23055658229350792,0.2508294206365047,5,10,1,3,200,0.03922067189097689
0.7666353867462123,0.727362455248949,990881.3738643515,1099161.5773622058,0.26329759422611465,0.2788480603495639,5,5,1,2,150,0.0392729314972633
0.767096284424602,0.7276832102197219,989902.3894422277,1098514.8115303991,0.26270200921839815,0.2783001707110279,5,5,1,3,150,0.03941307420488005
0.78888144124506,0.7493875270465714,942469.6425961272,1053828.7646133197,0.23119378841037688,0.25135224883308993,5,10,3,5,40,0.03949391419848858
0.78888144124506,0.7493875270465714,942469.6425961272,1053828.7646133197,0.2311937884103769,0.25135224883308993,5,10,3,3,40,0.03949391419848858
0.78888144124506,0.7493875270465714,942469.6425961272,1053828.7646133197,0.2311937884103769,0.25135224883308993,5,10,3,2,40,0.03949391419848858
0.7896071552368017,0.7499232885837351,940848.3919608978,1052701.7197632547,0.23201563015941018,0.2524340532936906,5,10,1,5,80,0.03968386665306656
0.7677269208161328,0.7280416983016775,988561.2952751869,1097791.510263809,0.26234550049683125,0.27856495880918214,5,5,1,3,100,0.039685222514455276
0.7904648547064618,0.750748861857741,938928.6753506543,1050962.651663049,0.23148142079145664,0.25182134442223064,5,10,1,5,40,0.03971599284872074
0.7682990727443253,0.7285335980884531,987342.9965509177,1096798.2554009475,0.2626345074076268,0.2787142844059905,5,5,1,3,80,0.03976547465587221
0.7925056897798322,0.7527308979107612,934344.9877565707,1046775.7028991508,0.2305454795062294,0.2508584071808754,5,10,1,2,200,0.03977479186907096
0.7903687374170247,0.7504729330110185,939144.0018344534,1051544.2151048677,0.23155739885178198,0.2525323096581237,5,10,1,2,60,0.03989580440600626
0.7899963765624104,0.7500529246538039,939977.7164873618,1052428.831889209,0.2319128046916765,0.25267943849179675,5,10,1,3,60,0.03994345190860649
0.7670287870982565,0.7269560530910454,990045.8197954816,1099980.4948271245,0.26402528697745736,0.2800028294280459,5,5,1,2,80,0.04007273400721112
0.7658905550634371,0.7257436062136151,992461.416071425,1102420.0117566164,0.2630779664003083,0.279380667943976,5,5,1,5,60,0.04014694884982195
0.7665336999200023,0.726311320380232,991097.2348013264,1101278.4090587266,0.2635941387122157,0.2798184911165886,5,5,1,2,100,0.04022237953977026
0.7612539878309218,0.7209953017211806,1002241.1433679336,1111922.3657376845,0.2662486967334305,0.2811946805819213,5,5,3,3,40,0.04025868610974115
0.7612539878309218,0.7209953017211805,1002241.1433679336,1111922.3657376845,0.26624869673343055,0.2811946805819213,5,5,3,5,40,0.04025868610974126
0.7612539878309219,0.7209953017211805,1002241.1433679336,1111922.3657376845,0.2662486967334305,0.2811946805819213,5,5,3,2,40,0.04025868610974137
0.7924160723149327,0.7520780786596997,934546.7392884585,1048156.597003198,0.23081693891697852,0.25150946771333615,5,10,1,3,150,0.04033799365523305
0.7922325730782174,0.7517289011268755,934959.7065495254,1048894.4582532612,0.23073371255850963,0.25145146217098097,5,10,1,2,150,0.04050367195134186
0.7904208753398678,0.7498874637231401,939027.2061289018,1052777.1197107292,0.23179017695110674,0.2525576993661562,5,10,1,3,40,0.040533411616727744
0.7914097956609549,0.7507935679660013,936809.1390137677,1050868.3962116505,0.23120572490383484,0.25230588286591116,5,10,1,3,100,0.040616227694953655
0.791173855692126,0.7504476456527099,937338.8097434399,1051597.4961016243,0.2315794187982712,0.25293713733776135,5,10,1,2,40,0.04072621003941601
0.791125870036975,0.7502813965659414,937446.4979676236,1051947.7192372482,0.2310682732538349,0.2522724515210002,5,10,1,2,100,0.04084447347103359
0.7906192235695852,0.7495361772331297,938582.7475657862,1053516.1802536473,0.232060473740408,0.2530187002157385,5,10,1,3,80,0.04108304633645554
0.7905015809305693,0.7493837179980221,938846.386491548,1053836.7731326635,0.23185551348486091,0.2529327282367366,5,10,1,2,80,0.04111786293254727
0.7651735574666627,0.723801263555261,993980.0400674354,1106316.911854803,0.26339576168429785,0.2795246750317377,5,5,1,2,60,0.041372293911401736
0.7675442633590008,0.7256491206850977,988949.916736872,1102609.8956935988,0.26134431411363473,0.2778422649002119,5,5,1,3,60,0.04189514267390315
0.7650387974408619,0.7229225394728551,994265.2071946791,1108075.383550843,0.266498466168271,0.2827710790281524,5,5,1,5,40,0.042116257968006776
0.7616978444614041,0.719253722797327,1001309.068476245,1115387.3396255726,0.26843906795654404,0.28468517672395116,5,5,1,2,40,0.04244412166407707
0.7654408975825779,0.7221495717451568,993414.076519664,1109619.915518135,0.26527675670654455,0.28210226484153683,5,5,1,3,40,0.043291325837421124
0.7764069025583993,0.7304012332651133,969914.2950207082,1093018.8662385428,0.25782394889592253,0.2773480815544182,7,3,5,2,40,0.04600566929328598
0.7764069025583993,0.7304012332651133,969914.2950207082,1093018.8662385428,0.2578239488959225,0.2773480815544183,7,3,5,3,40,0.04600566929328598
0.7764069025583993,0.7304012332651133,969914.2950207082,1093018.8662385428,0.25782394889592253,0.2773480815544183,7,3,5,5,40,0.04600566929328598
0.7774826257560904,0.7311032142674541,967578.3167039453,1091594.938006895,0.2575424835983563,0.2766380039465078,7,3,5,2,80,0.046379411488636335
0.7774826257560904,0.7311032142674541,967578.3167039453,1091594.938006895,0.2575424835983563,0.2766380039465078,7,3,5,3,80,0.046379411488636335
0.7774826257560904,0.7311032142674541,967578.3167039453,1091594.938006895,0.2575424835983563,0.2766380039465078,7,3,5,5,80,0.046379411488636335
0.7795648771303945,0.7329592009305768,963040.5209323957,1087821.1968827702,0.25594858413764077,0.2753769241429465,7,3,5,2,150,0.0466056761998177
0.7795648771303945,0.7329592009305768,963040.5209323957,1087821.1968827704,0.2559485841376408,0.27537692414294657,7,3,5,3,150,0.0466056761998177
0.7795648771303945,0.7329592009305768,963040.5209323957,1087821.1968827704,0.25594858413764077,0.2753769241429465,7,3,5,5,150,0.0466056761998177
0.7796107781677566,0.7325604904625397,962940.2491159828,1088632.9902962816,0.25601987244231905,0.2758894392605119,7,3,5,3,200,0.04705028770521691
0.7796107781677566,0.7325604904625397,962940.2491159828,1088632.9902962816,0.25601987244231905,0.2758894392605119,7,3,5,2,200,0.04705028770521691
0.7796107781677566,0.7325604904625397,962940.2491159828,1088632.9902962816,0.25601987244231905,0.2758894392605118,7,3,5,5,200,0.04705028770521691
0.7781097133488932,0.730753886550459,966213.9638174961,1092303.761284409,0.257288062256973,0.2769584555895107,7,3,5,3,100,0.0473558267984342
0.7781097133488932,0.730753886550459,966213.9638174961,1092303.761284409,0.2572880622569729,0.2769584555895107,7,3,5,5,100,0.0473558267984342
0.7781097133488932,0.730753886550459,966213.9638174961,1092303.761284409,0.2572880622569729,0.2769584555895107,7,3,5,2,100,0.0473558267984342
0.777508038136701,0.7296019057157991,967523.0644554324,1094638.0009840655,0.2583880056742226,0.27793922897018053,7,3,5,2,60,0.047906132420901915
0.777508038136701,0.7296019057157991,967523.0644554324,1094638.0009840655,0.25838800567422254,0.27793922897018053,7,3,5,3,60,0.047906132420901915
0.777508038136701,0.7296019057157991,967523.0644554324,1094638.0009840655,0.25838800567422254,0.27793922897018053,7,3,5,5,60,0.047906132420901915
